SCHOOL_EDUCATION_LEVEL,SCHOOL_YEAR,SCHOOL_NUMBER,SCHOOL_NAME,DISTRICT_NUMBER,DISTRICT_NAME,PUBLIC_OR_INDEPENDENT,STREET_ADDRESS,PHYSICAL_ADDRESS_CITY,FACILITY_TYPE,HAS_CORE_FRENCH,HAS_EARLY_FRENCH_IMMERSION,HAS_LATE_FRENCH_IMMERSION,HAS_PROG_FRANCOPHONE,SCHOOL_LATITUDE,SCHOOL_LONGITUDE
ELEMENTARY,2022/2023,3939032,Admiral Seymour Elementary,39,Vancouver                               ,Public School,1130 Keefer St,Vancouver                     ,STANDARD,YES,NO,NO,NO,49.2786789,-123.08028
SECONDARY,2022/2023,3996870,Alexander Academy,39,Vancouver                               ,Independent School,100-602 Hastings St W,Vancouver                     ,STANDARD,NO,NO,NO,NO,49.2848,-123.1133
ELEMENTARY,2022/2023,3996693,Anchor Point Montessori,39,Vancouver                               ,Independent School,PO Box 32138,Richmond                      ,STANDARD,YES,NO,NO,NO,49.2770233,-123.13068
ELEMENTARY,2022/2023,3939067,Bayview Community Elementary,39,Vancouver                               ,Public School,2251 Collingwood St,Vancouver                     ,STANDARD,YES,NO,NO,NO,49.266432,-123.18182
ELEMENTARY,2022/2023,3996070,Blessed Sacrament School,39,Vancouver                               ,Independent School,3020 Heather St,Vancouver                     ,STANDARD,NO,YES,NO,NO,49.25834,-123.11939
ELEMENTARY,2022/2023,3939130,Britannia Community Elementary,39,Vancouver                               ,Public School,1110 Cotton Dr,Vancouver                     ,STANDARD,YES,NO,NO,NO,49.2746196,-123.07101
SECONDARY,2022/2023,3939004,Britannia Community Secondary,39,Vancouver                               ,Public School,1001 Cotton Dr,Vancouver                     ,STANDARD,YES,NO,NO,NO,49.2752895,-123.07118
SECONDARY,2022/2023,3996925,Canada Royal Arts High School,39,Vancouver                               ,Independent School,896 8th Ave W,Vancouver                     ,STANDARD,NO,NO,NO,NO,49.264122,-123.12377
ELEMENTARY,2022/2023,3939088,Captain James Cook Elementary,39,Vancouver                               ,Public School,3340 54th Ave E,Vancouver                     ,STANDARD,YES,NO,NO,NO,49.2193507,-123.03626
ELEMENTARY,2022/2023,3939094,Carnarvon Community Elementary,39,Vancouver                               ,Public School,3400 Balaclava St,Vancouver                     ,STANDARD,YES,NO,NO,NO,49.2566428,-123.17378
SECONDARY,2022/2023,3996659,Century High School,39,Vancouver                               ,Independent School,1788 Broadway W Unit 200,Vancouver                     ,STANDARD,NO,NO,NO,NO,49.2634498,-123.14545
ELEMENTARY,2022/2023,3939137,Champlain Heights Annex,39,Vancouver                               ,Public School,7835 Champlain Cres,Vancouver                     ,STANDARD,NO,NO,NO,NO,49.2137335,-123.03091
ELEMENTARY,2022/2023,3939128,Champlain Heights Community Elementary,39,Vancouver                               ,Public School,6955 Frontenac St,Vancouver                     ,STANDARD,YES,NO,NO,NO,49.2207393,-123.02746
ELEMENTARY,2022/2023,3939124,Charles Dickens Annex,39,Vancouver                               ,Public School,3877 Glen Dr,Vancouver                     ,STANDARD,NO,NO,NO,NO,49.2502036,-123.08286
ELEMENTARY,2022/2023,3939059,Charles Dickens Elementary,39,Vancouver                               ,Public School,1010 East 17th Ave,Vancouver                     ,STANDARD,YES,NO,NO,NO,49.2551112,-123.0829
ELEMENTARY,2022/2023,3939089,Chief Maquinna Elementary,39,Vancouver                               ,Public School,2684 2nd Ave E,Vancouver                     ,STANDARD,YES,NO,NO,NO,49.268032,-123.0508
ELEMENTARY,2022/2023,3996930,Claren Academy,39,Vancouver                               ,Independent School,201-1085 Homer St,Vancouver                     ,STANDARD,NO,NO,NO,NO,49.2766737,-123.12166
ELEMENTARY,2022/2023,3939139,Collingwood Neighbourhood School,39,Vancouver                               ,Public School,3417 Euclid Ave,Vancouver                     ,STANDARD,NO,NO,NO,NO,49.2363748,-123.03228
SECONDARY,2022/2023,3996895,Columbia Academy,39,Vancouver                               ,Independent School,400-570 Dunsmuir St,Vancouver                     ,STANDARD,NO,NO,NO,NO,49.2826709,-123.11528
SECONDARY,2022/2023,3996319,Columbia College,39,Vancouver                               ,Independent School,438 Terminal Ave,Vancouver                     ,STANDARD,NO,NO,NO,NO,49.2725067,-123.09582
ELEMENTARY,2022/2023,3996113,Corpus Christi School,39,Vancouver                               ,Independent School,6344 Nanaimo St,Vancouver                     ,STANDARD,YES,NO,NO,NO,49.226537,-123.05846
ELEMENTARY SECONDARY,2022/2023,3996004,Crofton House,39,Vancouver                               ,Independent School,3200 West 41st Avenue,Vancouver                     ,STANDARD,YES,NO,NO,NO,49.2344603,-123.1772
ELEMENTARY,2022/2023,3939142,Crosstown Elementary,39,Vancouver                               ,Public School,55 Expo Blvd,Vancouver                     ,STANDARD,YES,NO,NO,NO,49.2785602,-123.1068
ELEMENTARY,2022/2023,3939060,David Livingstone Elementary,39,Vancouver                               ,Public School,315 23rd Ave E,Vancouver                     ,STANDARD,YES,NO,NO,NO,49.2506365,-123.09813
ELEMENTARY,2022/2023,3939035,David Lloyd George Elementary,39,Vancouver                               ,Public School,8370 Cartier St,Vancouver                     ,STANDARD,YES,NO,NO,NO,49.2102332,-123.13674
ELEMENTARY,2022/2023,3939090,David Oppenheimer Elementary,39,Vancouver                               ,Public School,2421 Scarboro Ave,Vancouver                     ,STANDARD,YES,NO,NO,NO,49.2135456,-123.05817
SECONDARY,2022/2023,3939018,David Thompson Secondary,39,Vancouver                               ,Public School,1755 55th Ave E,Vancouver                     ,STANDARD,YES,NO,NO,NO,49.2208643,-123.07055
ELEMENTARY,2022/2023,3939095,Dr A R Lord Elementary,39,Vancouver                               ,Public School,555 Lillooet St,Vancouver                     ,STANDARD,YES,NO,NO,NO,49.279674,-123.0394
ELEMENTARY,2022/2023,3939104,Dr Annie B Jamieson Elementary,39,Vancouver                               ,Public School,6350 Tisdall Street,Vancouver                     ,STANDARD,YES,NO,NO,NO,49.2273837,-123.12096
ELEMENTARY,2022/2023,3939105,Dr George M Weir Elementary,39,Vancouver                               ,Public School,2900 44th Ave E,Vancouver                     ,STANDARD,YES,NO,NO,NO,49.2298812,-123.04489
ELEMENTARY,2022/2023,3939115,Dr H N MacCorkindale Elementary,39,Vancouver                               ,Public School,6100 Battison St,Vancouver                     ,STANDARD,YES,NO,NO,NO,49.2278819,-123.0294
ELEMENTARY,2022/2023,3939097,Dr R E McKechnie Elementary,39,Vancouver                               ,Public School,7455 Maple St,Vancouver                     ,STANDARD,YES,NO,NO,NO,49.2175728,-123.15296
ELEMENTARY SECONDARY,2022/2023,3996764,Eaton Arrowsmith School (Vancouver) Ltd,39,Vancouver                               ,Independent School,213-2150 Western Parkway,Vancouver                     ,STANDARD,NO,NO,NO,NO,49.2658743,-123.2434
ELEMENTARY,2022/2023,3939132,Ecole Jules Quesnel Elementary,39,Vancouver                               ,Public School,3050 Crown St,Vancouver                     ,STANDARD,NO,YES,NO,NO,49.2595121,-123.19332
ELEMENTARY,2022/2023,3939071,Edith Cavell Elementary,39,Vancouver                               ,Public School,500 20th Ave W,Vancouver                     ,STANDARD,YES,NO,NO,NO,49.2528816,-123.11714
ELEMENTARY,2022/2023,3939140,Elsie Roy Elementary,39,Vancouver                               ,Public School,150 Drake St,Vancouver                     ,STANDARD,YES,NO,NO,NO,49.2721415,-123.12262
ELEMENTARY,2022/2023,3939044,Emily Carr Elementary,39,Vancouver                               ,Public School,4070 Oak St,Vancouver                     ,STANDARD,YES,NO,NO,NO,49.2499718,-123.12643
SECONDARY,2022/2023,3939022,Eric Hamber Secondary,39,Vancouver                               ,Public School,5025 Willow St,Vancouver                     ,STANDARD,YES,NO,NO,NO,49.2398444,-123.12474
ELEMENTARY,2022/2023,3939136,False Creek Elementary,39,Vancouver                               ,Public School,900 School Green,Vancouver                     ,STANDARD,YES,NO,NO,NO,49.2671066,-123.12668
ELEMENTARY,2022/2023,3996390,Family Montessori School,39,Vancouver                               ,Independent School,1099 Sitka Sq,Vancouver                     ,STANDARD,NO,NO,NO,NO,49.2675623,-123.19902
ELEMENTARY,2022/2023,3939051,Florence Nightingale Elementary,39,Vancouver                               ,Public School,2740 Guelph St,Vancouver                     ,STANDARD,YES,NO,NO,NO,49.2602245,-123.09442
SECONDARY,2022/2023,3996958,Franklin School,39,Vancouver                               ,Independent School,530 Hornby St - 2nd Floor,Vancouver                     ,STANDARD,NO,NO,NO,NO,49.2853354,-123.11715
ELEMENTARY SECONDARY,2022/2023,3996332,Fraser Academy,39,Vancouver                               ,Independent School,2294 10th Ave W,Vancouver                     ,STANDARD,NO,NO,NO,NO,49.262784,-123.15713
ELEMENTARY,2022/2023,3939100,G T Cunningham Elementary,39,Vancouver                               ,Public School,2330 37th Ave E,Vancouver                     ,STANDARD,YES,NO,NO,NO,49.2368384,-123.05742
NO ENROLMENT REPORTED,2022/2023,3939121,Garibaldi Annex,39,Vancouver                               ,Public School,1025 Slocan St,Vancouver                     ,STANDARD,NO,NO,NO,NO,49.2755317,-123.04971
ELEMENTARY,2022/2023,3939037,General Brock Elementary,39,Vancouver                               ,Public School,4860 Main St,Vancouver                     ,STANDARD,YES,NO,NO,NO,49.2415696,-123.10059
ELEMENTARY,2022/2023,3939052,General Gordon Elementary,39,Vancouver                               ,Public School,2268 Bayswater St,Vancouver                     ,STANDARD,YES,NO,YES,NO,49.266251,-123.17038
ELEMENTARY,2022/2023,3939045,General Wolfe Elementary,39,Vancouver                               ,Public School,4251 Ontario St,Vancouver                     ,STANDARD,YES,NO,NO,NO,49.2473127,-123.10629
SECONDARY,2022/2023,3939014,Gladstone Secondary,39,Vancouver                               ,Public School,4105 Gladstone St,Vancouver                     ,STANDARD,YES,NO,NO,NO,49.2485455,-123.06159
ELEMENTARY,2022/2023,3939109,Graham Bruce Community Elementary,39,Vancouver                               ,Public School,3633 Tanner St,Vancouver                     ,STANDARD,YES,NO,NO,NO,49.2423087,-123.02593
ELEMENTARY,2022/2023,3939076,Grandview Elementary,39,Vancouver                               ,Public School,2055 Woodland Dr,Vancouver                     ,STANDARD,YES,NO,NO,NO,49.2664446,-123.07403
ELEMENTARY,2022/2023,3939061,Hastings Community Elementary,39,Vancouver                               ,Public School,2625 Franklin St,Vancouver                     ,STANDARD,YES,YES,NO,NO,49.282521,-123.05064
ELEMENTARY,2022/2023,3939053,Henry Hudson Elementary,39,Vancouver                               ,Public School,1551 Cypress St,Vancouver                     ,STANDARD,YES,YES,NO,NO,49.2720373,-123.14836
ELEMENTARY,2022/2023,3996973,Hongde Elementary,39,Vancouver                               ,Independent School,100-688 Hastings St W,Vancouver                     ,STANDARD,NO,NO,NO,NO,49.2847693,-123.11369
ELEMENTARY,2022/2023,3996129,Immaculate Conception School,39,Vancouver                               ,Independent School,3745 West 28th Ave,Vancouver                     ,STANDARD,YES,NO,NO,NO,49.2473766,-123.18778
ELEMENTARY,2022/2023,3939063,J.W. Sexsmith Community Elementary,39,Vancouver                               ,Public School,7410 Columbia St,Vancouver                     ,STANDARD,YES,NO,NO,NO,49.2173453,-123.10977
ELEMENTARY,2022/2023,3939106,John Henderson Elementary,39,Vancouver                               ,Public School,451 53rd Ave E,Vancouver                     ,STANDARD,YES,NO,NO,NO,49.2227349,-123.09507
ELEMENTARY,2022/2023,3939062,John Norquay Elementary,39,Vancouver                               ,Public School,4710 Slocan St,Vancouver                     ,STANDARD,YES,NO,NO,NO,49.2421529,-123.05122
SECONDARY,2022/2023,3939007,John Oliver Secondary,39,Vancouver                               ,Public School,530 41st Ave E,Vancouver                     ,STANDARD,YES,NO,NO,NO,49.2324298,-123.09345
NO ENROLMENT REPORTED,2022/2023,3996964,Johnathan Academy,39,Vancouver                               ,Independent School,400-5750 Oak St,Vancouver                     ,STANDARD,NO,NO,NO,NO,49.2567185,-123.18225
ELEMENTARY,2022/2023,3939113,Kerrisdale Annex,39,Vancouver                               ,Public School,3250 43rd Ave W,Vancouver                     ,STANDARD,NO,NO,NO,NO,49.2328337,-123.17684
ELEMENTARY,2022/2023,3939038,Kerrisdale Elementary,39,Vancouver                               ,Public School,5555 Carnarvon St,Vancouver                     ,STANDARD,YES,YES,NO,NO,49.2361894,-123.17364
SECONDARY,2022/2023,3939016,Killarney Secondary,39,Vancouver                               ,Public School,6454 Killarney St,Vancouver                     ,STANDARD,YES,NO,NO,NO,49.2255845,-123.04414
SECONDARY,2022/2023,3996451,King David High School,39,Vancouver                               ,Independent School,5718 Willow St,Vancouver                     ,STANDARD,YES,NO,NO,NO,49.23345,-123.12279
SECONDARY,2022/2023,3939001,King George Secondary,39,Vancouver                               ,Public School,1755 Barclay St,Vancouver                     ,STANDARD,YES,NO,NO,NO,49.2901533,-123.1361
SECONDARY,2022/2023,3939006,Kitsilano Secondary,39,Vancouver                               ,Public School,2706 Trafalgar St,Vancouver                     ,STANDARD,YES,YES,NO,NO,49.2624166,-123.16366
ELEMENTARY,2022/2023,3939043,L'Ecole Bilingue Elementary,39,Vancouver                               ,Public School,1166 W 14th Ave,Vancouver                     ,STANDARD,NO,YES,NO,NO,49.2583142,-123.13036
SECONDARY,2022/2023,3996952,LaSalle College Vancouver High School,39,Vancouver                               ,Independent School,2665 Renfrew St,Vancouver                     ,STANDARD,NO,NO,NO,NO,49.2600663,-123.04509
ELEMENTARY,2022/2023,3939054,Laura Secord Elementary,39,Vancouver                               ,Public School,2500 Lakewood Dr,Vancouver                     ,STANDARD,YES,YES,YES,NO,49.2617326,-123.06147
SECONDARY,2022/2023,3996019,Little Flower Academy,39,Vancouver                               ,Independent School,4195 Alexandra St,Vancouver                     ,STANDARD,YES,NO,NO,NO,49.24843,-123.14226
ELEMENTARY,2022/2023,3939069,Lord Beaconsfield Elementary,39,Vancouver                               ,Public School,3663 Penticton St,Vancouver                     ,STANDARD,YES,NO,NO,NO,49.2519686,-123.05268
SECONDARY,2022/2023,3939008,Lord Byng Secondary,39,Vancouver                               ,Public School,3939 16th Ave W,Vancouver                     ,STANDARD,YES,NO,NO,NO,49.2585169,-123.19249
ELEMENTARY,2022/2023,3939070,Lord Kitchener Elementary,39,Vancouver                               ,Public School,3455 W. King Edward Ave,Vancouver                     ,STANDARD,YES,NO,NO,NO,49.2506713,-123.18084
ELEMENTARY,2022/2023,3939046,Lord Nelson Elementary,39,Vancouver                               ,Public School,1355 Garden Drive,Vancouver                     ,STANDARD,YES,NO,NO,NO,49.2724889,-123.05921
ELEMENTARY,2022/2023,3939129,Lord Roberts Annex,39,Vancouver                               ,Public School,1150 Nelson St,Vancouver                     ,STANDARD,NO,NO,NO,NO,49.2832322,-123.12983
ELEMENTARY,2022/2023,3939031,Lord Roberts Elementary,39,Vancouver                               ,Public School,1100 Bidwell St,Vancouver                     ,STANDARD,YES,NO,NO,NO,49.2870598,-123.13819
ELEMENTARY,2022/2023,3939114,Lord Selkirk Annex,39,Vancouver                               ,Public School,4444 Dumfries St,Vancouver                     ,STANDARD,NO,NO,NO,NO,49.2452816,-123.07297
ELEMENTARY,2022/2023,3939039,Lord Selkirk Elementary,39,Vancouver                               ,Public School,1750 22nd Ave E,Vancouver                     ,STANDARD,YES,YES,NO,NO,49.2496873,-123.06902
ELEMENTARY,2022/2023,3939028,Lord Strathcona Community Elementary,39,Vancouver                               ,Public School,592 Pender St E,Vancouver                     ,STANDARD,YES,YES,NO,NO,49.2800127,-123.09252
ELEMENTARY,2022/2023,3939047,Lord Tennyson Elementary,39,Vancouver                               ,Public School,1936 10th Ave W,Vancouver                     ,STANDARD,NO,YES,NO,NO,49.2623722,-123.14903
SECONDARY,2022/2023,3996899,Lowell High School,39,Vancouver                               ,Independent School,210-750 Hamilton St,Vancouver                     ,STANDARD,NO,NO,NO,NO,49.2789725,-123.11461
ELEMENTARY JR SECONDARY,2022/2023,3996594,Madrona School,39,Vancouver                               ,Independent School,2064 West 10th Avenue,Vancouver                     ,STANDARD,NO,NO,NO,NO,49.2626328,-123.15185
SECONDARY,2022/2023,3939003,Magee Secondary,39,Vancouver                               ,Public School,6360 Maple St,Vancouver                     ,STANDARD,YES,NO,NO,NO,49.2289946,-123.15146
ELEMENTARY,2022/2023,3939074,Maple Grove Elementary,39,Vancouver                               ,Public School,6199 Cypress St,Vancouver                     ,STANDARD,YES,NO,NO,NO,49.2297056,-123.14991
ELEMENTARY,2022/2023,3939127,Mount Pleasant Elementary,39,Vancouver                               ,Public School,2300 Guelph St,Vancouver                     ,STANDARD,YES,NO,NO,NO,49.2639333,-123.09434
ELEMENTARY,2022/2023,3939101,Nootka Community Elementary,39,Vancouver                               ,Public School,3375 Nootka St,Vancouver                     ,STANDARD,YES,NO,NO,NO,49.2538184,-123.04292
ELEMENTARY,2022/2023,3939143,Norma Rose Point Elementary Junior,39,Vancouver                               ,Public School,5488 Ortona Ave,Vancouver                     ,STANDARD,YES,NO,NO,NO,49.2618565,-123.23242
SECONDARY,2022/2023,3996022,Notre Dame Regional Secondary,39,Vancouver                               ,Independent School,2880 Venables St,Vancouver                     ,STANDARD,YES,NO,NO,NO,49.2762233,-123.0448
NO ENROLMENT REPORTED,2022/2023,3996963,Oakridge Montessori Children's Learning,39,Vancouver                               ,Independent School,619 45th Ave W,Vancouver                     ,STANDARD,NO,NO,NO,NO,49.2299317,-123.11868
ELEMENTARY,2022/2023,3996173,Our Lady of Perpetual Help,39,Vancouver                               ,Independent School,2550 Camosun St,Vancouver                     ,STANDARD,YES,NO,NO,NO,49.2640911,-123.19639
ELEMENTARY,2022/2023,3996128,Our Lady of Sorrows,39,Vancouver                               ,Independent School,575 Slocan St,Vancouver                     ,STANDARD,YES,NO,NO,NO,49.2793427,-123.0498
ELEMENTARY,2022/2023,3996475,Pacific Spirit School,39,Vancouver                               ,Independent School,PO Box 34058 Station D,Vancouver                     ,STANDARD,NO,NO,NO,NO,49.2675623,-123.19902
SECONDARY,2022/2023,3996733,Pattison High School,39,Vancouver                               ,Independent School,981 Nelson St,Vancouver                     ,STANDARD,NO,NO,NO,NO,49.2808207,-123.12495
ELEMENTARY,2022/2023,3996918,Pear Tree School,39,Vancouver                               ,Independent School,215-2678 Broadway W,Vancouver                     ,STANDARD,NO,NO,NO,NO,49.2638083,-123.16589
ELEMENTARY,2022/2023,3939057,Pierre Elliott Trudeau Elementary,39,Vancouver                               ,Public School,449 62nd Ave E,Vancouver                     ,STANDARD,YES,NO,NO,NO,49.2146212,-123.09652
SECONDARY,2022/2023,3939012,Point Grey Secondary,39,Vancouver                               ,Public School,5350 East Blvd,Vancouver                     ,STANDARD,YES,NO,NO,NO,49.2374801,-123.15338
SECONDARY,2022/2023,3939019,Prince of Wales Secondary,39,Vancouver                               ,Public School,2250 Eddington Dr,Vancouver                     ,STANDARD,YES,NO,NO,NO,49.2455839,-123.15757
ELEMENTARY,2022/2023,3996901,Qawsain Knowledge House,39,Vancouver                               ,Independent School,PO Box 75044 RPO Main Street S,Vancouver                     ,STANDARD,NO,NO,NO,NO,49.220066,-123.06549
ELEMENTARY,2022/2023,3939040,Queen Alexandra Elementary,39,Vancouver                               ,Public School,1300 Broadway E,Vancouver                     ,STANDARD,YES,NO,NO,NO,49.2618908,-123.07699
ELEMENTARY,2022/2023,3939110,Queen Elizabeth Annex,39,Vancouver                               ,Public School,4275 Crown St,Vancouver                     ,STANDARD,NO,YES,NO,NO,49.2489646,-123.19451
ELEMENTARY,2022/2023,3939080,Queen Elizabeth Elementary,39,Vancouver                               ,Public School,4102 16th Ave W,Vancouver                     ,STANDARD,YES,NO,NO,NO,49.2576144,-123.19746
ELEMENTARY,2022/2023,3939041,Queen Mary Elementary,39,Vancouver                               ,Public School,2000 Trimble St,Vancouver                     ,STANDARD,YES,NO,NO,NO,49.2680798,-123.20511
ELEMENTARY,2022/2023,3939107,Queen Victoria Annex,39,Vancouver                               ,Public School,1850 3rd Ave E,Vancouver                     ,STANDARD,YES,NO,NO,NO,49.267345,-123.06657
ELEMENTARY,2022/2023,3939075,Quilchena Elementary,39,Vancouver                               ,Public School,5300 Maple St,Vancouver                     ,STANDARD,YES,YES,NO,NO,49.2375602,-123.15138
ELEMENTARY,2022/2023,3939077,Renfrew Community Elementary,39,Vancouver                               ,Public School,3315 22nd Ave E,Vancouver                     ,STANDARD,YES,NO,NO,NO,49.2512114,-123.0329
SECONDARY,2022/2023,3996538,Royal Canadian College,39,Vancouver                               ,Independent School,8610 Ash St,Vancouver                     ,STANDARD,NO,NO,NO,NO,49.2073331,-123.11869
ELEMENTARY,2022/2023,3999214,SD 39 DL Elementary,39,Vancouver                               ,Public School,530 East 41st Ave,Vancouver                     ,DISTRICT DISTANCE ED,YES,NO,NO,NO,49.2324298,-123.09345
ELEMENTARY SECONDARY,2022/2023,3996721,SelfDesign Learning Community (DL),39,Vancouver                               ,Independent School,PO Box 74560 RPO Kitsilano,Vancouver                     ,DISTRICT DISTANCE ED,NO,NO,NO,NO,49.2675623,-123.19902
ELEMENTARY,2022/2023,3939072,Shaughnessy Elementary,39,Vancouver                               ,Public School,4250 Marguerite St,Vancouver                     ,STANDARD,YES,NO,NO,NO,49.2484441,-123.14367
ELEMENTARY,2022/2023,3939042,Simon Fraser Elementary,39,Vancouver                               ,Public School,100 15th Ave W,Vancouver                     ,STANDARD,YES,NO,NO,NO,49.2571901,-123.1082
SENIOR SECONDARY,2022/2023,3996890,Sino Bright School BC,39,Vancouver                               ,Independent School,300-328 Water St,Vancouver                     ,STANDARD,NO,NO,NO,NO,49.2842202,-123.1096
ELEMENTARY,2022/2023,3939079,Sir Alexander Mackenzie Elementary,39,Vancouver                               ,Public School,960 39th Ave E,Vancouver                     ,STANDARD,YES,NO,NO,NO,49.2342236,-123.08604
ELEMENTARY,2022/2023,3939093,Sir Charles Kingsford-Smith,39,Vancouver                               ,Public School,6901 Elliott St,Vancouver                     ,STANDARD,YES,NO,NO,NO,49.2211025,-123.05535
SECONDARY,2022/2023,3939017,Sir Charles Tupper Secondary,39,Vancouver                               ,Public School,419 24th Ave E,Vancouver                     ,STANDARD,YES,NO,NO,NO,49.249653,-123.09545
NO ENROLMENT REPORTED,2022/2023,3939030,Sir Guy Carleton Community Elementary,39,Vancouver                               ,Public School,3250 Kingsway,Vancouver                     ,STANDARD,NO,NO,NO,NO,49.2341698,-123.0379
ELEMENTARY,2022/2023,3939120,Sir James Douglas Annex,39,Vancouver                               ,Public School,7668 Borden St,Vancouver                     ,STANDARD,NO,YES,NO,NO,49.2150136,-123.07305
ELEMENTARY,2022/2023,3939064,Sir James Douglas Elementary,39,Vancouver                               ,Public School,2150 Brigadoon Ave,Vancouver                     ,STANDARD,YES,YES,YES,NO,49.2162726,-123.0639
ELEMENTARY,2022/2023,3939065,Sir John Franklin Community,39,Vancouver                               ,Public School,250S Skeena St,Vancouver                     ,STANDARD,YES,NO,NO,NO,49.282507,-123.02633
ELEMENTARY,2022/2023,3939108,Sir Richard McBride Annex,39,Vancouver                               ,Public School,4750 St. Catherines St,Vancouver                     ,STANDARD,NO,NO,NO,NO,49.2418307,-123.08502
ELEMENTARY,2022/2023,3939048,Sir Richard McBride Elementary,39,Vancouver                               ,Public School,1300 29th Ave E,Vancouver                     ,STANDARD,YES,NO,NO,NO,49.2441623,-123.07819
ELEMENTARY,2022/2023,3939066,Sir Sandford Fleming Elementary,39,Vancouver                               ,Public School,6363 Lanark St,Vancouver                     ,STANDARD,YES,NO,NO,NO,49.2257316,-123.0766
ELEMENTARY,2022/2023,3939049,Sir Wilfred Grenfell Community,39,Vancouver                               ,Public School,3323 Wellington Ave,Vancouver                     ,STANDARD,YES,NO,NO,NO,49.2427574,-123.03453
ELEMENTARY,2022/2023,3939085,Sir Wilfrid Laurier Elementary,39,Vancouver                               ,Public School,7350 Laurel St,Vancouver                     ,STANDARD,YES,NO,NO,NO,49.2185527,-123.12561
ELEMENTARY,2022/2023,3939086,Sir William Osler Elementary,39,Vancouver                               ,Public School,5970 Selkirk St,Vancouver                     ,STANDARD,YES,NO,NO,NO,49.2313065,-123.13262
SECONDARY,2022/2023,3939015,Sir Winston Churchill Secondary,39,Vancouver                               ,Public School,7055 Heather St,Vancouver                     ,STANDARD,YES,YES,NO,NO,49.2207332,-123.12511
ELEMENTARY,2022/2023,3939058,Sir Wm Van Horne Elementary,39,Vancouver                               ,Public School,5855 Ontario St,Vancouver                     ,STANDARD,YES,NO,NO,NO,49.2317542,-123.10634
ELEMENTARY,2022/2023,3939087,Southlands Elementary,39,Vancouver                               ,Public School,5351 Camosun St,Vancouver                     ,STANDARD,YES,NO,NO,NO,49.2380447,-123.19765
ELEMENTARY,2022/2023,3996135,St Andrew's,39,Vancouver                               ,Independent School,450 47th Ave E,Vancouver                     ,STANDARD,YES,NO,NO,NO,49.2272146,-123.09572
ELEMENTARY,2022/2023,3996662,St Anthony of Padua,39,Vancouver                               ,Independent School,1370 73rd Ave W,Vancouver                     ,STANDARD,YES,NO,NO,NO,49.2044001,-123.13687
ELEMENTARY,2022/2023,3996138,St Augustine's,39,Vancouver                               ,Independent School,2154 7th Ave W,Vancouver                     ,STANDARD,YES,NO,NO,NO,49.2653331,-123.15333
ELEMENTARY,2022/2023,3996077,St Francis of Assisi,39,Vancouver                               ,Independent School,870 Victoria Dr,Vancouver                     ,STANDARD,YES,NO,NO,NO,49.2769021,-123.06521
ELEMENTARY,2022/2023,3996140,St Francis Xavier,39,Vancouver                               ,Independent School,428 Great Northern Way,Vancouver                     ,STANDARD,YES,NO,NO,NO,49.266491,-123.09509
ELEMENTARY SECONDARY,2022/2023,3996002,St George's School,39,Vancouver                               ,Independent School,4175 W 29th Ave,Vancouver                     ,STANDARD,YES,NO,NO,NO,49.2473285,-123.19923
SECONDARY,2022/2023,3996527,St John's Academy,39,Vancouver                               ,Independent School,369 Boundary Rd,Vancouver                     ,STANDARD,NO,NO,NO,NO,49.2814198,-123.02366
ELEMENTARY SECONDARY,2022/2023,3996435,St John's School,39,Vancouver                               ,Independent School,2215 10th Ave W,Vancouver                     ,STANDARD,YES,NO,NO,NO,49.2630882,-123.15568
ELEMENTARY,2022/2023,3996145,St Joseph's,39,Vancouver                               ,Independent School,3261 Fleming St,Vancouver                     ,STANDARD,YES,NO,NO,NO,49.255789,-123.07173
ELEMENTARY,2022/2023,3996147,St Jude's,39,Vancouver                               ,Independent School,2953 15th Ave E,Vancouver                     ,STANDARD,YES,NO,NO,NO,49.2565918,-123.04224
ELEMENTARY,2022/2023,3996150,St Mary's,39,Vancouver                               ,Independent School,5239 Joyce St,Vancouver                     ,STANDARD,YES,NO,NO,NO,49.2376769,-123.03363
SECONDARY,2022/2023,3996030,St Patrick Regional Secondary,39,Vancouver                               ,Independent School,115 11th Ave E,Vancouver                     ,STANDARD,NO,NO,NO,NO,49.2614236,-123.10246
ELEMENTARY,2022/2023,3996161,St Patrick's Elementary,39,Vancouver                               ,Independent School,2850 Quebec St,Vancouver                     ,STANDARD,YES,NO,NO,NO,49.2597816,-123.1028
SECONDARY,2022/2023,3996944,St Regis Secondary School,39,Vancouver                               ,Independent School,2140 41st Ave W,Vancouver                     ,STANDARD,NO,NO,NO,NO,49.2344336,-123.15688
ELEMENTARY SECONDARY,2022/2023,3996692,Stratford Hall,39,Vancouver                               ,Independent School,3000 Commercial Dr,Vancouver                     ,STANDARD,YES,NO,NO,NO,49.2575374,-123.06953
ELEMENTARY,2022/2023,3939102,Tecumseh Annex,39,Vancouver                               ,Public School,1551 37th Ave E,Vancouver                     ,STANDARD,NO,NO,NO,NO,49.2370894,-123.07373
ELEMENTARY,2022/2023,3939050,Tecumseh Elementary,39,Vancouver                               ,Public School,1850 41st Ave E,Vancouver                     ,STANDARD,YES,NO,NO,NO,49.2322173,-123.06813
SECONDARY,2022/2023,3939010,Templeton Secondary,39,Vancouver                               ,Public School,727 Templeton Dr,Vancouver                     ,STANDARD,YES,NO,NO,NO,49.277923,-123.06086
ELEMENTARY SECONDARY,2022/2023,3996724,The Westside School,39,Vancouver                               ,Independent School,788 Beatty St,Vancouver                     ,STANDARD,NO,NO,NO,NO,49.27757,-123.11344
ELEMENTARY,2022/2023,3939082,Thunderbird Elementary,39,Vancouver                               ,Public School,2325 Cassiar St,Vancouver                     ,STANDARD,YES,NO,NO,NO,49.2634278,-123.03154
ELEMENTARY,2022/2023,3939112,Tillicum Community Annex,39,Vancouver                               ,Public School,2450 Cambridge St,Vancouver                     ,STANDARD,NO,NO,NO,NO,49.2864098,-123.05549
ELEMENTARY,2022/2023,3939084,Trafalgar Elementary,39,Vancouver                               ,Public School,4170 Trafalgar St,Vancouver                     ,STANDARD,YES,YES,YES,NO,49.2497723,-123.16439
ELEMENTARY,2022/2023,3939119,Tyee Elementary,39,Vancouver                               ,Public School,3525 Dumphries St,Vancouver                     ,STANDARD,YES,NO,NO,NO,49.2532101,-123.07383
ELEMENTARY,2022/2023,3939123,University Hill Elementary,39,Vancouver                               ,Public School,5395 Chancellor Blvd,Vancouver                     ,STANDARD,YES,NO,NO,NO,49.2745954,-123.23704
SECONDARY,2022/2023,3939024,University Hill Secondary,39,Vancouver                               ,Public School,3228 Ross Dr,Vancouver                     ,STANDARD,YES,NO,NO,NO,49.2539902,-123.23974
SENIOR SECONDARY,2022/2023,3995051,University Transition Program,39,Vancouver                               ,Public School,3228 Ross Dr,Vancouver                     ,LONG TERM PRP,NO,NO,NO,NO,49.2539902,-123.23974
SECONDARY,2022/2023,3999224,Vancouver Alternate School,39,Vancouver                               ,Public School,1580 Broadway W,Vancouver                     ,ALTERNATE,NO,NO,NO,NO,49.2633058,-123.14026
ELEMENTARY SECONDARY,2022/2023,3996071,Vancouver Christian,39,Vancouver                               ,Independent School,3496 Mons Drive,Vancouver                     ,STANDARD,YES,NO,NO,NO,49.25471,-123.02857
ELEMENTARY SECONDARY,2022/2023,3996007,Vancouver College,39,Vancouver                               ,Independent School,5401 Hudson St,Vancouver                     ,STANDARD,YES,NO,NO,NO,49.2369278,-123.13477
SECONDARY,2022/2023,3996509,Vancouver Formosa Academy,39,Vancouver                               ,Independent School,5621 Killarney St,Vancouver                     ,STANDARD,NO,NO,NO,NO,49.23375,-123.04637
ELEMENTARY JR SECONDARY,2022/2023,3996322,Vancouver Hebrew Academy,39,Vancouver                               ,Independent School,1545 62nd Ave W,Vancouver                     ,STANDARD,NO,NO,NO,NO,49.215449,-123.1415
SECONDARY,2022/2023,3998004,Vancouver Learning Network,39,Vancouver                               ,Public School,530 41st Ave E,Vancouver                     ,DISTRICT DISTANCE ED,NO,NO,NO,NO,49.2321388,-123.09171
ELEMENTARY,2022/2023,3996225,Vancouver Montessori School,39,Vancouver                               ,Independent School,8650 Barnard St,Vancouver                     ,STANDARD,YES,NO,NO,NO,49.207788,-123.14475
SECONDARY,2022/2023,3939000,Vancouver School Board Adult Education,39,Vancouver                               ,Public School,6010 Fraser St,Vancouver                     ,CONTINUING ED,NO,NO,NO,NO,49.2300327,-123.09011
ELEMENTARY,2022/2023,3996083,Vancouver Talmud Torah Elementary,39,Vancouver                               ,Independent School,998 West 26th Ave,Vancouver                     ,STANDARD,YES,NO,NO,NO,49.2478941,-123.12694
SECONDARY,2022/2023,3939011,Vancouver Technical Secondary,39,Vancouver                               ,Public School,2600 Broadway E,Vancouver                     ,STANDARD,YES,YES,NO,NO,49.2614369,-123.05163
MIDDLE SCHOOL,2022/2023,3996980,VISST,39,Vancouver                               ,Independent School,200-1490 Broadway W,Vancouver                     ,STANDARD,NO,NO,NO,NO,49.2634652,-123.13813
ELEMENTARY,2022/2023,3939056,Walter Moberly Elementary,39,Vancouver                               ,Public School,1000 59th Ave E,Vancouver                     ,STANDARD,YES,NO,NO,NO,49.2157606,-123.08432
ELEMENTARY,2022/2023,3939099,Waverley Elementary,39,Vancouver                               ,Public School,6111 Elliott St,Vancouver                     ,STANDARD,YES,NO,NO,NO,49.2276642,-123.05563
ELEMENTARY,2022/2023,3939073,wekwanes te syaqwem Elemtary School,39,Vancouver                               ,Public School,1430 Lillooet St,Vancouver                     ,STANDARD,YES,NO,NO,NO,49.2718063,-123.03835
ELEMENTARY SECONDARY,2022/2023,3996601,West Coast Christian School,39,Vancouver                               ,Independent School,15 Renfrew St N,Vancouver                     ,STANDARD,YES,NO,NO,NO,49.28498,-123.04454
ELEMENTARY SECONDARY,2022/2023,3996645,West Point Grey Academy,39,Vancouver                               ,Independent School,4125 West 8th Avenue,Vancouver                     ,STANDARD,YES,NO,NO,NO,49.2665861,-123.20029
ELEMENTARY,2022/2023,3996810,Westside Montessori Academy,39,Vancouver                               ,Independent School,3075 Slocan St,Vancouver                     ,STANDARD,NO,NO,NO,NO,49.2565605,-123.05043
ELEMENTARY,2022/2023,3996937,Westside Montessori Elementary School,39,Vancouver                               ,Independent School,3396 Cambie St,Vancouver                     ,STANDARD,NO,NO,NO,NO,49.2549671,-123.11488
ELEMENTARY,2022/2023,3996683,Westside Montessori School,39,Vancouver                               ,Independent School,4157 Oak St,Vancouver                     ,STANDARD,NO,NO,NO,NO,49.2485738,-123.1279
SECONDARY,2022/2023,3939020,Windermere Community Secondary,39,Vancouver                               ,Public School,3155 27th Ave E,Vancouver                     ,STANDARD,YES,NO,NO,NO,49.2469676,-123.03774
ELEMENTARY,2022/2023,3939033,Xpey' Elementary,39,Vancouver                               ,Public School,1950 Hastings St E,Vancouver                     ,STANDARD,YES,NO,NO,NO,49.2805538,-123.0647
ELEMENTARY SECONDARY,2022/2023,3996011,York House School,39,Vancouver                               ,Independent School,4176 Alexandra St,Vancouver                     ,STANDARD,YES,NO,NO,NO,49.2485521,-123.14031
